Year,Quarter,Month,HHS_Region,Pathogen,Number_of_isolates,Past_two_years_average
2023,1,1,Region 1 - Boston,Campylobacter,26,16.5
2023,1,2,Region 1 - Boston,Campylobacter,12,10
2023,1,3,Region 1 - Boston,Campylobacter,14,14
2023,2,4,Region 1 - Boston,Campylobacter,29,10.5
2023,2,5,Region 1 - Boston,Campylobacter,22,14.5
2023,2,6,Region 1 - Boston,Campylobacter,50,45
2023,3,7,Region 1 - Boston,Campylobacter,59,48
2023,3,8,Region 1 - Boston,Campylobacter,72,36
2023,3,9,Region 1 - Boston,Campylobacter,36,25
2023,4,10,Region 1 - Boston,Campylobacter,24,33
2023,4,11,Region 1 - Boston,Campylobacter,31,16.5
2023,4,12,Region 1 - Boston,Campylobacter,22,17.5
2024,1,1,Region 1 - Boston,Campylobacter,17,15.5
2024,1,2,Region 1 - Boston,Campylobacter,24,10.5
2024,1,3,Region 1 - Boston,Campylobacter,16,14.5
2024,2,4,Region 1 - Boston,Campylobacter,38,18
2024,2,5,Region 1 - Boston,Campylobacter,24,16.5
2024,2,6,Region 1 - Boston,Campylobacter,49,44.5
2024,3,7,Region 1 - Boston,Campylobacter,61,47
2024,3,8,Region 1 - Boston,Campylobacter,40,52.5
2024,3,9,Region 1 - Boston,Campylobacter,39,31
2024,4,10,Region 1 - Boston,Campylobacter,24,28
2024,4,11,Region 1 - Boston,Campylobacter,21,24
2024,4,12,Region 1 - Boston,Campylobacter,22,21.5
2023,1,1,Region 1 - Boston,STEC,16,7.5
2023,1,2,Region 1 - Boston,STEC,12,8.5
2023,1,3,Region 1 - Boston,STEC,14,13.5
2023,2,4,Region 1 - Boston,STEC,19,18
2023,2,5,Region 1 - Boston,STEC,22,21
2023,2,6,Region 1 - Boston,STEC,20,24.5
2023,3,7,Region 1 - Boston,STEC,38,27.5
2023,3,8,Region 1 - Boston,STEC,33,18.5
2023,3,9,Region 1 - Boston,STEC,14,18.5
2023,4,10,Region 1 - Boston,STEC,21,17
2023,4,11,Region 1 - Boston,STEC,7,18.5
2023,4,12,Region 1 - Boston,STEC,10,10
2024,1,1,Region 1 - Boston,STEC,10,11
2024,1,2,Region 1 - Boston,STEC,17,12.5
2024,1,3,Region 1 - Boston,STEC,17,11.5
2024,2,4,Region 1 - Boston,STEC,18,17.5
2024,2,5,Region 1 - Boston,STEC,18,24
2024,2,6,Region 1 - Boston,STEC,27,23.5
2024,3,7,Region 1 - Boston,STEC,33,29
2024,3,8,Region 1 - Boston,STEC,24,25
2024,3,9,Region 1 - Boston,STEC,18,15.5
2024,4,10,Region 1 - Boston,STEC,25,19
2024,4,11,Region 1 - Boston,STEC,16,15
2024,4,12,Region 1 - Boston,STEC,13,10
2023,1,1,Region 1 - Boston,Salmonella,101,76
2023,1,2,Region 1 - Boston,Salmonella,96,63
2023,1,3,Region 1 - Boston,Salmonella,79,81
2023,2,4,Region 1 - Boston,Salmonella,140,120.5
2023,2,5,Region 1 - Boston,Salmonella,265,145
2023,2,6,Region 1 - Boston,Salmonella,225,172.5
2023,3,7,Region 1 - Boston,Salmonella,256,248.5
2023,3,8,Region 1 - Boston,Salmonella,271,246
2023,3,9,Region 1 - Boston,Salmonella,216,217
2023,4,10,Region 1 - Boston,Salmonella,192,146
2023,4,11,Region 1 - Boston,Salmonella,132,115
2023,4,12,Region 1 - Boston,Salmonella,119,85.5
2024,1,1,Region 1 - Boston,Salmonella,121,89.5
2024,1,2,Region 1 - Boston,Salmonella,116,82
2024,1,3,Region 1 - Boston,Salmonella,102,84.5
2024,2,4,Region 1 - Boston,Salmonella,134,130
2024,2,5,Region 1 - Boston,Salmonella,169,213
2024,2,6,Region 1 - Boston,Salmonella,188,192
2024,3,7,Region 1 - Boston,Salmonella,306,259
2024,3,8,Region 1 - Boston,Salmonella,255,272.5
2024,3,9,Region 1 - Boston,Salmonella,236,221.5
2024,4,10,Region 1 - Boston,Salmonella,172,170
2024,4,11,Region 1 - Boston,Salmonella,138,130
2024,4,12,Region 1 - Boston,Salmonella,60,105
2023,1,1,Region 1 - Boston,Shigella,21,7
2023,1,2,Region 1 - Boston,Shigella,19,13.5
2023,1,3,Region 1 - Boston,Shigella,24,16
2023,2,4,Region 1 - Boston,Shigella,34,16
2023,2,5,Region 1 - Boston,Shigella,29,10
2023,2,6,Region 1 - Boston,Shigella,33,17.5
2023,3,7,Region 1 - Boston,Shigella,40,21
2023,3,8,Region 1 - Boston,Shigella,30,26
2023,3,9,Region 1 - Boston,Shigella,29,15
2023,4,10,Region 1 - Boston,Shigella,19,31.5
2023,4,11,Region 1 - Boston,Shigella,22,30.5
2023,4,12,Region 1 - Boston,Shigella,16,22
2024,1,1,Region 1 - Boston,Shigella,37,15
2024,1,2,Region 1 - Boston,Shigella,39,17.5
2024,1,3,Region 1 - Boston,Shigella,41,22.5
2024,2,4,Region 1 - Boston,Shigella,29,25
2024,2,5,Region 1 - Boston,Shigella,29,19.5
2024,2,6,Region 1 - Boston,Shigella,30,24
2024,3,7,Region 1 - Boston,Shigella,28,28.5
2024,3,8,Region 1 - Boston,Shigella,24,28.5
2024,3,9,Region 1 - Boston,Shigella,35,23
2024,4,10,Region 1 - Boston,Shigella,36,30
2024,4,11,Region 1 - Boston,Shigella,24,29
2024,4,12,Region 1 - Boston,Shigella,12,20.5
2023,1,1,Region 1 - Boston,Vibrio,1,0
2023,1,2,Region 1 - Boston,Vibrio,0,0
2023,1,3,Region 1 - Boston,Vibrio,2,0
2023,2,4,Region 1 - Boston,Vibrio,1,0
2023,2,5,Region 1 - Boston,Vibrio,4,0
2023,2,6,Region 1 - Boston,Vibrio,2,1.5
2023,3,7,Region 1 - Boston,Vibrio,23,19
2023,3,8,Region 1 - Boston,Vibrio,19,20
2023,3,9,Region 1 - Boston,Vibrio,11,14.5
2023,4,10,Region 1 - Boston,Vibrio,2,8.5
2023,4,11,Region 1 - Boston,Vibrio,2,2
2023,4,12,Region 1 - Boston,Vibrio,3,0
2024,1,1,Region 1 - Boston,Vibrio,0,0.5
2024,1,2,Region 1 - Boston,Vibrio,0,0.5
2024,1,3,Region 1 - Boston,Vibrio,0,3.5
2024,2,4,Region 1 - Boston,Vibrio,2,1
2024,2,5,Region 1 - Boston,Vibrio,2,2
2024,2,6,Region 1 - Boston,Vibrio,11,1.5
2024,3,7,Region 1 - Boston,Vibrio,18,18.5
2024,3,8,Region 1 - Boston,Vibrio,18,21
2024,3,9,Region 1 - Boston,Vibrio,7,12.5
2024,4,10,Region 1 - Boston,Vibrio,1,3.5
2024,4,11,Region 1 - Boston,Vibrio,2,2.5
2024,4,12,Region 1 - Boston,Vibrio,1,1.5
2023,1,1,Region 10 - Seattle,Campylobacter,6,3.5
2023,1,2,Region 10 - Seattle,Campylobacter,5,8
2023,1,3,Region 10 - Seattle,Campylobacter,6,5.5
2023,2,4,Region 10 - Seattle,Campylobacter,7,7
2023,2,5,Region 10 - Seattle,Campylobacter,8,7.5
2023,2,6,Region 10 - Seattle,Campylobacter,11,12
2023,3,7,Region 10 - Seattle,Campylobacter,11,11.5
2023,3,8,Region 10 - Seattle,Campylobacter,29,12
2023,3,9,Region 10 - Seattle,Campylobacter,25,16.5
2023,4,10,Region 10 - Seattle,Campylobacter,19,11
2023,4,11,Region 10 - Seattle,Campylobacter,18,8.5
2023,4,12,Region 10 - Seattle,Campylobacter,7,6
2024,1,1,Region 10 - Seattle,Campylobacter,6,3.5
2024,1,2,Region 10 - Seattle,Campylobacter,6,5
2024,1,3,Region 10 - Seattle,Campylobacter,10,5.5
2024,2,4,Region 10 - Seattle,Campylobacter,7,9.5
2024,2,5,Region 10 - Seattle,Campylobacter,9,9.5
2024,2,6,Region 10 - Seattle,Campylobacter,8,11
2024,3,7,Region 10 - Seattle,Campylobacter,16,9.5
2024,3,8,Region 10 - Seattle,Campylobacter,23,22
2024,3,9,Region 10 - Seattle,Campylobacter,13,25
2024,4,10,Region 10 - Seattle,Campylobacter,7,17
2024,4,11,Region 10 - Seattle,Campylobacter,9,13
2024,4,12,Region 10 - Seattle,Campylobacter,4,6.5
2023,1,1,Region 10 - Seattle,STEC,31,22
2023,1,2,Region 10 - Seattle,STEC,34,18
2023,1,3,Region 10 - Seattle,STEC,36,26.5
2023,2,4,Region 10 - Seattle,STEC,44,43.5
2023,2,5,Region 10 - Seattle,STEC,52,53.5
2023,2,6,Region 10 - Seattle,STEC,65,59.5
2023,3,7,Region 10 - Seattle,STEC,68,95
2023,3,8,Region 10 - Seattle,STEC,95,91.5
2023,3,9,Region 10 - Seattle,STEC,78,75.5
2023,4,10,Region 10 - Seattle,STEC,63,58.5
2023,4,11,Region 10 - Seattle,STEC,44,34.5
2023,4,12,Region 10 - Seattle,STEC,41,25
2024,1,1,Region 10 - Seattle,STEC,20,25.5
2024,1,2,Region 10 - Seattle,STEC,27,24.5
2024,1,3,Region 10 - Seattle,STEC,47,33.5
2024,2,4,Region 10 - Seattle,STEC,43,49.5
2024,2,5,Region 10 - Seattle,STEC,42,53
2024,2,6,Region 10 - Seattle,STEC,62,58.5
2024,3,7,Region 10 - Seattle,STEC,61,72.5
2024,3,8,Region 10 - Seattle,STEC,79,91.5
2024,3,9,Region 10 - Seattle,STEC,79,77
2024,4,10,Region 10 - Seattle,STEC,71,62
2024,4,11,Region 10 - Seattle,STEC,52,38.5
2024,4,12,Region 10 - Seattle,STEC,29,29.5
2023,1,1,Region 10 - Seattle,Salmonella,101,59.5
2023,1,2,Region 10 - Seattle,Salmonella,62,52
2023,1,3,Region 10 - Seattle,Salmonella,113,71.5
2023,2,4,Region 10 - Seattle,Salmonella,104,90
2023,2,5,Region 10 - Seattle,Salmonella,153,102.5
2023,2,6,Region 10 - Seattle,Salmonella,125,108
2023,3,7,Region 10 - Seattle,Salmonella,172,127
2023,3,8,Region 10 - Seattle,Salmonella,255,129
2023,3,9,Region 10 - Seattle,Salmonella,160,123.5
2023,4,10,Region 10 - Seattle,Salmonella,131,89
2023,4,11,Region 10 - Seattle,Salmonella,117,92
2023,4,12,Region 10 - Seattle,Salmonella,123,73.5
2024,1,1,Region 10 - Seattle,Salmonella,115,85.5
2024,1,2,Region 10 - Seattle,Salmonella,99,59.5
2024,1,3,Region 10 - Seattle,Salmonella,87,99.5
2024,2,4,Region 10 - Seattle,Salmonella,110,100.5
2024,2,5,Region 10 - Seattle,Salmonella,126,134
2024,2,6,Region 10 - Seattle,Salmonella,148,120.5
2024,3,7,Region 10 - Seattle,Salmonella,159,164
2024,3,8,Region 10 - Seattle,Salmonella,173,192.5
2024,3,9,Region 10 - Seattle,Salmonella,153,154
2024,4,10,Region 10 - Seattle,Salmonella,153,116.5
2024,4,11,Region 10 - Seattle,Salmonella,115,109
2024,4,12,Region 10 - Seattle,Salmonella,82,103.5
2023,1,1,Region 10 - Seattle,Shigella,67,17
2023,1,2,Region 10 - Seattle,Shigella,20,18
2023,1,3,Region 10 - Seattle,Shigella,13,17
2023,2,4,Region 10 - Seattle,Shigella,10,11
2023,2,5,Region 10 - Seattle,Shigella,7,13.5
2023,2,6,Region 10 - Seattle,Shigella,7,10
2023,3,7,Region 10 - Seattle,Shigella,13,11
2023,3,8,Region 10 - Seattle,Shigella,27,9
2023,3,9,Region 10 - Seattle,Shigella,19,9.5
2023,4,10,Region 10 - Seattle,Shigella,19,7.5
2023,4,11,Region 10 - Seattle,Shigella,54,15
2023,4,12,Region 10 - Seattle,Shigella,80,7
2024,1,1,Region 10 - Seattle,Shigella,48,34.5
2024,1,2,Region 10 - Seattle,Shigella,19,12.5
2024,1,3,Region 10 - Seattle,Shigella,31,11.5
2024,2,4,Region 10 - Seattle,Shigella,23,9
2024,2,5,Region 10 - Seattle,Shigella,14,11
2024,2,6,Region 10 - Seattle,Shigella,19,7.5
2024,3,7,Region 10 - Seattle,Shigella,19,10
2024,3,8,Region 10 - Seattle,Shigella,32,21.5
2024,3,9,Region 10 - Seattle,Shigella,32,15.5
2024,4,10,Region 10 - Seattle,Shigella,42,14.5
2024,4,11,Region 10 - Seattle,Shigella,44,32.5
2024,4,12,Region 10 - Seattle,Shigella,50,44.5
2023,1,1,Region 10 - Seattle,Vibrio,1,1
2023,1,2,Region 10 - Seattle,Vibrio,2,0
2023,1,3,Region 10 - Seattle,Vibrio,1,0
2023,2,4,Region 10 - Seattle,Vibrio,0,2.5
2023,2,5,Region 10 - Seattle,Vibrio,3,0
2023,2,6,Region 10 - Seattle,Vibrio,4,2.5
2023,3,7,Region 10 - Seattle,Vibrio,3,13
2023,3,8,Region 10 - Seattle,Vibrio,18,19
2023,3,9,Region 10 - Seattle,Vibrio,6,5
2023,4,10,Region 10 - Seattle,Vibrio,1,3
2023,4,11,Region 10 - Seattle,Vibrio,0,0.5
2023,4,12,Region 10 - Seattle,Vibrio,1,2.5
2024,1,1,Region 10 - Seattle,Vibrio,2,1
2024,1,2,Region 10 - Seattle,Vibrio,0,1
2024,1,3,Region 10 - Seattle,Vibrio,0,0.5
2024,2,4,Region 10 - Seattle,Vibrio,0,1
2024,2,5,Region 10 - Seattle,Vibrio,1,1.5
2024,2,6,Region 10 - Seattle,Vibrio,0,2
2024,3,7,Region 10 - Seattle,Vibrio,11,4.5
2024,3,8,Region 10 - Seattle,Vibrio,9,22
2024,3,9,Region 10 - Seattle,Vibrio,6,6
2024,4,10,Region 10 - Seattle,Vibrio,2,1.5
2024,4,11,Region 10 - Seattle,Vibrio,0,0
2024,4,12,Region 10 - Seattle,Vibrio,0,2.5
2023,1,1,Region 2 - New York,Campylobacter,11,6.5
2023,1,2,Region 2 - New York,Campylobacter,8,4.5
2023,1,3,Region 2 - New York,Campylobacter,8,8
2023,2,4,Region 2 - New York,Campylobacter,2,2.5
2023,2,5,Region 2 - New York,Campylobacter,1,5.5
2023,2,6,Region 2 - New York,Campylobacter,0,12.5
2023,3,7,Region 2 - New York,Campylobacter,2,9.5
2023,3,8,Region 2 - New York,Campylobacter,0,9
2023,3,9,Region 2 - New York,Campylobacter,2,6.5
2023,4,10,Region 2 - New York,Campylobacter,3,10
2023,4,11,Region 2 - New York,Campylobacter,3,6
2023,4,12,Region 2 - New York,Campylobacter,3,4.5
2024,1,1,Region 2 - New York,Campylobacter,3,12
2024,1,2,Region 2 - New York,Campylobacter,0,8.5
2024,1,3,Region 2 - New York,Campylobacter,0,12
2024,2,4,Region 2 - New York,Campylobacter,0,3.5
2024,2,5,Region 2 - New York,Campylobacter,1,3.5
2024,2,6,Region 2 - New York,Campylobacter,8,0
2024,3,7,Region 2 - New York,Campylobacter,0,10
2024,3,8,Region 2 - New York,Campylobacter,2,0
2024,3,9,Region 2 - New York,Campylobacter,0,7.5
2024,4,10,Region 2 - New York,Campylobacter,2,11
2024,4,11,Region 2 - New York,Campylobacter,1,7.5
2024,4,12,Region 2 - New York,Campylobacter,0,6
2023,1,1,Region 2 - New York,STEC,46,28
2023,1,2,Region 2 - New York,STEC,41,31
2023,1,3,Region 2 - New York,STEC,54,43.5
2023,2,4,Region 2 - New York,STEC,60,45
2023,2,5,Region 2 - New York,STEC,51,57
2023,2,6,Region 2 - New York,STEC,76,53.5
2023,3,7,Region 2 - New York,STEC,79,83.5
2023,3,8,Region 2 - New York,STEC,90,76
2023,3,9,Region 2 - New York,STEC,70,60
2023,4,10,Region 2 - New York,STEC,42,49.5
2023,4,11,Region 2 - New York,STEC,49,51.5
2023,4,12,Region 2 - New York,STEC,46,33
2024,1,1,Region 2 - New York,STEC,56,42
2024,1,2,Region 2 - New York,STEC,56,38.5
2024,1,3,Region 2 - New York,STEC,42,48.5
2024,2,4,Region 2 - New York,STEC,47,54
2024,2,5,Region 2 - New York,STEC,73,58
2024,2,6,Region 2 - New York,STEC,73,72
2024,3,7,Region 2 - New York,STEC,81,80
2024,3,8,Region 2 - New York,STEC,61,78.5
2024,3,9,Region 2 - New York,STEC,59,66.5
2024,4,10,Region 2 - New York,STEC,70,48
2024,4,11,Region 2 - New York,STEC,47,48.5
2024,4,12,Region 2 - New York,STEC,14,40
2024,1,1,Region 2 - New York,Salmonella,217,167
2024,1,2,Region 2 - New York,Salmonella,184,145
2024,1,3,Region 2 - New York,Salmonella,201,193.5
2024,2,4,Region 2 - New York,Salmonella,270,220
2024,2,5,Region 2 - New York,Salmonella,339,266.5
2024,2,6,Region 2 - New York,Salmonella,332,300.5
2024,3,7,Region 2 - New York,Salmonella,507,402.5
2024,3,8,Region 2 - New York,Salmonella,508,488
2024,3,9,Region 2 - New York,Salmonella,427,522
2024,4,10,Region 2 - New York,Salmonella,329,288.5
2024,4,11,Region 2 - New York,Salmonella,252,218
2024,4,12,Region 2 - New York,Salmonella,115,199.5
2023,1,1,Region 2 - New York,Salmonella,177,136.5
2023,1,2,Region 2 - New York,Salmonella,176,102
2023,1,3,Region 2 - New York,Salmonella,213,141
2023,2,4,Region 2 - New York,Salmonella,224,184
2023,2,5,Region 2 - New York,Salmonella,297,228
2023,2,6,Region 2 - New York,Salmonella,302,302.5
2023,3,7,Region 2 - New York,Salmonella,434,398.5
2023,3,8,Region 2 - New York,Salmonella,511,448.5
2023,3,9,Region 2 - New York,Salmonella,394,501
2023,4,10,Region 2 - New York,Salmonella,266,296.5
2023,4,11,Region 2 - New York,Salmonella,242,188.5
2023,4,12,Region 2 - New York,Salmonella,200,175.5
2023,1,1,Region 2 - New York,Shigella,34,2.5
2023,1,2,Region 2 - New York,Shigella,49,1
2023,1,3,Region 2 - New York,Shigella,60,1
2023,2,4,Region 2 - New York,Shigella,49,0.5
2023,2,5,Region 2 - New York,Shigella,50,8
2023,2,6,Region 2 - New York,Shigella,59,2.5
2023,3,7,Region 2 - New York,Shigella,77,2
2023,3,8,Region 2 - New York,Shigella,128,1
2023,3,9,Region 2 - New York,Shigella,175,5.5
2023,4,10,Region 2 - New York,Shigella,198,15
2023,4,11,Region 2 - New York,Shigella,224,11
2023,4,12,Region 2 - New York,Shigella,174,13
2024,1,1,Region 2 - New York,Shigella,188,19.5
2024,1,2,Region 2 - New York,Shigella,122,25.5
2024,1,3,Region 2 - New York,Shigella,129,31
2024,2,4,Region 2 - New York,Shigella,82,24.5
2024,2,5,Region 2 - New York,Shigella,71,33
2024,2,6,Region 2 - New York,Shigella,57,32
2024,3,7,Region 2 - New York,Shigella,95,40
2024,3,8,Region 2 - New York,Shigella,100,65
2024,3,9,Region 2 - New York,Shigella,77,92.5
2024,4,10,Region 2 - New York,Shigella,65,112
2024,4,11,Region 2 - New York,Shigella,51,123
2024,4,12,Region 2 - New York,Shigella,26,100
2023,1,1,Region 2 - New York,Vibrio,0,0
2023,1,2,Region 2 - New York,Vibrio,1,0
2023,1,3,Region 2 - New York,Vibrio,2,0
2023,2,4,Region 2 - New York,Vibrio,1,0
2023,2,5,Region 2 - New York,Vibrio,5,0
2023,2,6,Region 2 - New York,Vibrio,12,3.5
2023,3,7,Region 2 - New York,Vibrio,24,9
2023,3,8,Region 2 - New York,Vibrio,18,11
2023,3,9,Region 2 - New York,Vibrio,8,7
2023,4,10,Region 2 - New York,Vibrio,10,2
2023,4,11,Region 2 - New York,Vibrio,2,0.5
2023,4,12,Region 2 - New York,Vibrio,2,1.5
2024,1,1,Region 2 - New York,Vibrio,1,0
2024,1,2,Region 2 - New York,Vibrio,0,1
2024,1,3,Region 2 - New York,Vibrio,2,2
2024,2,4,Region 2 - New York,Vibrio,0,1
2024,2,5,Region 2 - New York,Vibrio,1,3.5
2024,2,6,Region 2 - New York,Vibrio,5,8.5
2024,3,7,Region 2 - New York,Vibrio,14,19
2024,3,8,Region 2 - New York,Vibrio,9,17
2024,3,9,Region 2 - New York,Vibrio,5,7.5
2024,4,10,Region 2 - New York,Vibrio,1,7
2024,4,11,Region 2 - New York,Vibrio,2,1.5
2024,4,12,Region 2 - New York,Vibrio,0,1.5
2023,1,1,Region 3 - Philadelphia,Campylobacter,42,15
2023,1,2,Region 3 - Philadelphia,Campylobacter,25,9
2023,1,3,Region 3 - Philadelphia,Campylobacter,23,16.5
2023,2,4,Region 3 - Philadelphia,Campylobacter,28,22
2023,2,5,Region 3 - Philadelphia,Campylobacter,55,27
2023,2,6,Region 3 - Philadelphia,Campylobacter,62,30.5
2023,3,7,Region 3 - Philadelphia,Campylobacter,36,44
2023,3,8,Region 3 - Philadelphia,Campylobacter,45,57.5
2023,3,9,Region 3 - Philadelphia,Campylobacter,41,31.5
2023,4,10,Region 3 - Philadelphia,Campylobacter,31,30
2023,4,11,Region 3 - Philadelphia,Campylobacter,43,18
2023,4,12,Region 3 - Philadelphia,Campylobacter,23,25.5
2024,1,1,Region 3 - Philadelphia,Campylobacter,32,27.5
2024,1,2,Region 3 - Philadelphia,Campylobacter,29,17.5
2024,1,3,Region 3 - Philadelphia,Campylobacter,24,19
2024,2,4,Region 3 - Philadelphia,Campylobacter,37,25.5
2024,2,5,Region 3 - Philadelphia,Campylobacter,28,45.5
2024,2,6,Region 3 - Philadelphia,Campylobacter,30,45.5
2024,3,7,Region 3 - Philadelphia,Campylobacter,30,41.5
2024,3,8,Region 3 - Philadelphia,Campylobacter,24,58.5
2024,3,9,Region 3 - Philadelphia,Campylobacter,17,41.5
2024,4,10,Region 3 - Philadelphia,Campylobacter,46,31
2024,4,11,Region 3 - Philadelphia,Campylobacter,35,33.5
2024,4,12,Region 3 - Philadelphia,Campylobacter,13,28.5
2023,1,1,Region 3 - Philadelphia,STEC,30,13.5
2023,1,2,Region 3 - Philadelphia,STEC,33,18
2023,1,3,Region 3 - Philadelphia,STEC,41,32.5
2023,2,4,Region 3 - Philadelphia,STEC,37,30.5
2023,2,5,Region 3 - Philadelphia,STEC,50,44.5
2023,2,6,Region 3 - Philadelphia,STEC,63,57
2023,3,7,Region 3 - Philadelphia,STEC,82,78
2023,3,8,Region 3 - Philadelphia,STEC,67,63
2023,3,9,Region 3 - Philadelphia,STEC,48,55.5
2023,4,10,Region 3 - Philadelphia,STEC,39,38.5
2023,4,11,Region 3 - Philadelphia,STEC,36,28
2023,4,12,Region 3 - Philadelphia,STEC,34,25.5
2024,1,1,Region 3 - Philadelphia,STEC,31,21
2024,1,2,Region 3 - Philadelphia,STEC,33,26.5
2024,1,3,Region 3 - Philadelphia,STEC,42,41.5
2024,2,4,Region 3 - Philadelphia,STEC,43,35.5
2024,2,5,Region 3 - Philadelphia,STEC,49,53.5
2024,2,6,Region 3 - Philadelphia,STEC,79,57
2024,3,7,Region 3 - Philadelphia,STEC,90,78.5
2024,3,8,Region 3 - Philadelphia,STEC,58,59.5
2024,3,9,Region 3 - Philadelphia,STEC,49,49.5
2024,4,10,Region 3 - Philadelphia,STEC,47,35.5
2024,4,11,Region 3 - Philadelphia,STEC,46,28.5
2024,4,12,Region 3 - Philadelphia,STEC,12,28.5
2023,1,1,Region 3 - Philadelphia,Salmonella,180,141
2023,1,2,Region 3 - Philadelphia,Salmonella,181,109.5
2023,1,3,Region 3 - Philadelphia,Salmonella,212,161.5
2023,2,4,Region 3 - Philadelphia,Salmonella,267,168.5
2023,2,5,Region 3 - Philadelphia,Salmonella,355,276
2023,2,6,Region 3 - Philadelphia,Salmonella,333,324.5
2023,3,7,Region 3 - Philadelphia,Salmonella,504,416.5
2023,3,8,Region 3 - Philadelphia,Salmonella,503,465
2023,3,9,Region 3 - Philadelphia,Salmonella,377,414.5
2023,4,10,Region 3 - Philadelphia,Salmonella,281,309
2023,4,11,Region 3 - Philadelphia,Salmonella,218,223
2023,4,12,Region 3 - Philadelphia,Salmonella,223,171
2024,1,1,Region 3 - Philadelphia,Salmonella,232,170
2024,1,2,Region 3 - Philadelphia,Salmonella,176,152
2024,1,3,Region 3 - Philadelphia,Salmonella,188,192
2024,2,4,Region 3 - Philadelphia,Salmonella,273,224
2024,2,5,Region 3 - Philadelphia,Salmonella,353,360
2024,2,6,Region 3 - Philadelphia,Salmonella,378,346
2024,3,7,Region 3 - Philadelphia,Salmonella,478,483.5
2024,3,8,Region 3 - Philadelphia,Salmonella,553,496
2024,3,9,Region 3 - Philadelphia,Salmonella,452,388.5
2024,4,10,Region 3 - Philadelphia,Salmonella,401,283
2024,4,11,Region 3 - Philadelphia,Salmonella,233,212.5
2024,4,12,Region 3 - Philadelphia,Salmonella,103,202.5
2023,1,1,Region 3 - Philadelphia,Shigella,17,8
2023,1,2,Region 3 - Philadelphia,Shigella,17,3.5
2023,1,3,Region 3 - Philadelphia,Shigella,27,9
2023,2,4,Region 3 - Philadelphia,Shigella,24,11.5
2023,2,5,Region 3 - Philadelphia,Shigella,25,13
2023,2,6,Region 3 - Philadelphia,Shigella,20,15.5
2023,3,7,Region 3 - Philadelphia,Shigella,29,22
2023,3,8,Region 3 - Philadelphia,Shigella,22,16.5
2023,3,9,Region 3 - Philadelphia,Shigella,26,17
2023,4,10,Region 3 - Philadelphia,Shigella,28,15.5
2023,4,11,Region 3 - Philadelphia,Shigella,24,14.5
2023,4,12,Region 3 - Philadelphia,Shigella,14,19
2024,1,1,Region 3 - Philadelphia,Shigella,18,13.5
2024,1,2,Region 3 - Philadelphia,Shigella,13,11.5
2024,1,3,Region 3 - Philadelphia,Shigella,20,20.5
2024,2,4,Region 3 - Philadelphia,Shigella,18,19
2024,2,5,Region 3 - Philadelphia,Shigella,21,20
2024,2,6,Region 3 - Philadelphia,Shigella,11,18.5
2024,3,7,Region 3 - Philadelphia,Shigella,17,28
2024,3,8,Region 3 - Philadelphia,Shigella,33,19
2024,3,9,Region 3 - Philadelphia,Shigella,32,22
2024,4,10,Region 3 - Philadelphia,Shigella,23,21
2024,4,11,Region 3 - Philadelphia,Shigella,23,20
2024,4,12,Region 3 - Philadelphia,Shigella,11,17
2023,1,1,Region 3 - Philadelphia,Vibrio,0,0
2023,1,2,Region 3 - Philadelphia,Vibrio,0,0
2023,1,3,Region 3 - Philadelphia,Vibrio,0,0
2023,2,4,Region 3 - Philadelphia,Vibrio,1,0.5
2023,2,5,Region 3 - Philadelphia,Vibrio,2,5.5
2023,2,6,Region 3 - Philadelphia,Vibrio,5,18.5
2023,3,7,Region 3 - Philadelphia,Vibrio,22,18.5
2023,3,8,Region 3 - Philadelphia,Vibrio,18,14
2023,3,9,Region 3 - Philadelphia,Vibrio,5,8.5
2023,4,10,Region 3 - Philadelphia,Vibrio,3,4.5
2023,4,11,Region 3 - Philadelphia,Vibrio,0,1.5
2023,4,12,Region 3 - Philadelphia,Vibrio,1,1.5
2024,1,1,Region 3 - Philadelphia,Vibrio,0,0
2024,1,2,Region 3 - Philadelphia,Vibrio,1,0
2024,1,3,Region 3 - Philadelphia,Vibrio,1,0
2024,2,4,Region 3 - Philadelphia,Vibrio,1,0.5
2024,2,5,Region 3 - Philadelphia,Vibrio,6,4.5
2024,2,6,Region 3 - Philadelphia,Vibrio,6,11
2024,3,7,Region 3 - Philadelphia,Vibrio,4,19
2024,3,8,Region 3 - Philadelphia,Vibrio,8,16
2024,3,9,Region 3 - Philadelphia,Vibrio,3,5.5
2024,4,10,Region 3 - Philadelphia,Vibrio,8,4
2024,4,11,Region 3 - Philadelphia,Vibrio,2,0
2024,4,12,Region 3 - Philadelphia,Vibrio,0,2
2023,1,1,Region 4 - Atlanta,Campylobacter,64,33.5
2023,1,2,Region 4 - Atlanta,Campylobacter,73,34
2023,1,3,Region 4 - Atlanta,Campylobacter,79,50
2023,2,4,Region 4 - Atlanta,Campylobacter,82,54.5
2023,2,5,Region 4 - Atlanta,Campylobacter,115,73.5
2023,2,6,Region 4 - Atlanta,Campylobacter,120,92
2023,3,7,Region 4 - Atlanta,Campylobacter,170,91
2023,3,8,Region 4 - Atlanta,Campylobacter,135,74.5
2023,3,9,Region 4 - Atlanta,Campylobacter,102,55
2023,4,10,Region 4 - Atlanta,Campylobacter,104,63
2023,4,11,Region 4 - Atlanta,Campylobacter,96,54
2023,4,12,Region 4 - Atlanta,Campylobacter,70,46.5
2024,1,1,Region 4 - Atlanta,Campylobacter,77,49.5
2024,1,2,Region 4 - Atlanta,Campylobacter,96,57
2024,1,3,Region 4 - Atlanta,Campylobacter,95,72.5
2024,2,4,Region 4 - Atlanta,Campylobacter,70,73
2024,2,5,Region 4 - Atlanta,Campylobacter,130,99
2024,2,6,Region 4 - Atlanta,Campylobacter,142,111.5
2024,3,7,Region 4 - Atlanta,Campylobacter,156,135.5
2024,3,8,Region 4 - Atlanta,Campylobacter,140,109.5
2024,3,9,Region 4 - Atlanta,Campylobacter,148,86
2024,4,10,Region 4 - Atlanta,Campylobacter,157,88
2024,4,11,Region 4 - Atlanta,Campylobacter,122,77
2024,4,12,Region 4 - Atlanta,Campylobacter,61,66
2023,1,1,Region 4 - Atlanta,STEC,42,40
2023,1,2,Region 4 - Atlanta,STEC,46,31
2023,1,3,Region 4 - Atlanta,STEC,59,40.5
2023,2,4,Region 4 - Atlanta,STEC,43,54
2023,2,5,Region 4 - Atlanta,STEC,54,46
2023,2,6,Region 4 - Atlanta,STEC,75,74.5
2023,3,7,Region 4 - Atlanta,STEC,107,91
2023,3,8,Region 4 - Atlanta,STEC,89,87.5
2023,3,9,Region 4 - Atlanta,STEC,68,51
2023,4,10,Region 4 - Atlanta,STEC,82,49.5
2023,4,11,Region 4 - Atlanta,STEC,44,38
2023,4,12,Region 4 - Atlanta,STEC,32,40
2024,1,1,Region 4 - Atlanta,STEC,49,46
2024,1,2,Region 4 - Atlanta,STEC,34,34.5
2024,1,3,Region 4 - Atlanta,STEC,52,54
2024,2,4,Region 4 - Atlanta,STEC,52,48
2024,2,5,Region 4 - Atlanta,STEC,64,46.5
2024,2,6,Region 4 - Atlanta,STEC,84,74
2024,3,7,Region 4 - Atlanta,STEC,111,98
2024,3,8,Region 4 - Atlanta,STEC,70,88.5
2024,3,9,Region 4 - Atlanta,STEC,77,58
2024,4,10,Region 4 - Atlanta,STEC,43,64
2024,4,11,Region 4 - Atlanta,STEC,45,37.5
2024,4,12,Region 4 - Atlanta,STEC,12,40.5
2023,1,1,Region 4 - Atlanta,Salmonella,572,413.5
2023,1,2,Region 4 - Atlanta,Salmonella,410,336
2023,1,3,Region 4 - Atlanta,Salmonella,547,456
2023,2,4,Region 4 - Atlanta,Salmonella,690,606
2023,2,5,Region 4 - Atlanta,Salmonella,858,815
2023,2,6,Region 4 - Atlanta,Salmonella,1170,1217
2023,3,7,Region 4 - Atlanta,Salmonella,1476,1515
2023,3,8,Region 4 - Atlanta,Salmonella,1577,1511
2023,3,9,Region 4 - Atlanta,Salmonella,1540,1616.5
2023,4,10,Region 4 - Atlanta,Salmonella,1366,1332.5
2023,4,11,Region 4 - Atlanta,Salmonella,925,881
2023,4,12,Region 4 - Atlanta,Salmonella,772,646.5
2024,1,1,Region 4 - Atlanta,Salmonella,590,514.5
2024,1,2,Region 4 - Atlanta,Salmonella,485,376.5
2024,1,3,Region 4 - Atlanta,Salmonella,634,523.5
2024,2,4,Region 4 - Atlanta,Salmonella,789,643
2024,2,5,Region 4 - Atlanta,Salmonella,1030,840
2024,2,6,Region 4 - Atlanta,Salmonella,1458,1207.5
2024,3,7,Region 4 - Atlanta,Salmonella,2004,1523.5
2024,3,8,Region 4 - Atlanta,Salmonella,2167,1628
2024,3,9,Region 4 - Atlanta,Salmonella,2013,1613.5
2024,4,10,Region 4 - Atlanta,Salmonella,1668,1333
2024,4,11,Region 4 - Atlanta,Salmonella,606,894
2024,4,12,Region 4 - Atlanta,Salmonella,272,709.5
2023,1,1,Region 4 - Atlanta,Shigella,8,8.5
2023,1,2,Region 4 - Atlanta,Shigella,20,8
2023,1,3,Region 4 - Atlanta,Shigella,29,8
2023,2,4,Region 4 - Atlanta,Shigella,26,13
2023,2,5,Region 4 - Atlanta,Shigella,20,12
2023,2,6,Region 4 - Atlanta,Shigella,29,11
2023,3,7,Region 4 - Atlanta,Shigella,32,11
2023,3,8,Region 4 - Atlanta,Shigella,24,11.5
2023,3,9,Region 4 - Atlanta,Shigella,40,10
2023,4,10,Region 4 - Atlanta,Shigella,28,14.5
2023,4,11,Region 4 - Atlanta,Shigella,26,8.5
2023,4,12,Region 4 - Atlanta,Shigella,25,13
2024,1,1,Region 4 - Atlanta,Shigella,27,8
2024,1,2,Region 4 - Atlanta,Shigella,25,15.5
2024,1,3,Region 4 - Atlanta,Shigella,36,17.5
2024,2,4,Region 4 - Atlanta,Shigella,25,22
2024,2,5,Region 4 - Atlanta,Shigella,22,16.5
2024,2,6,Region 4 - Atlanta,Shigella,33,21
2024,3,7,Region 4 - Atlanta,Shigella,30,23.5
2024,3,8,Region 4 - Atlanta,Shigella,35,17.5
2024,3,9,Region 4 - Atlanta,Shigella,24,26
2024,4,10,Region 4 - Atlanta,Shigella,33,20
2024,4,11,Region 4 - Atlanta,Shigella,36,19
2024,4,12,Region 4 - Atlanta,Shigella,10,22
2023,1,1,Region 4 - Atlanta,Vibrio,3,0
2023,1,2,Region 4 - Atlanta,Vibrio,3,1
2023,1,3,Region 4 - Atlanta,Vibrio,8,4.5
2023,2,4,Region 4 - Atlanta,Vibrio,17,0
2023,2,5,Region 4 - Atlanta,Vibrio,16,11
2023,2,6,Region 4 - Atlanta,Vibrio,25,16
2023,3,7,Region 4 - Atlanta,Vibrio,52,16
2023,3,8,Region 4 - Atlanta,Vibrio,26,14.5
2023,3,9,Region 4 - Atlanta,Vibrio,24,11
2023,4,10,Region 4 - Atlanta,Vibrio,12,15.5
2023,4,11,Region 4 - Atlanta,Vibrio,8,6.5
2023,4,12,Region 4 - Atlanta,Vibrio,8,1.5
2024,1,1,Region 4 - Atlanta,Vibrio,3,2
2024,1,2,Region 4 - Atlanta,Vibrio,8,2
2024,1,3,Region 4 - Atlanta,Vibrio,12,8
2024,2,4,Region 4 - Atlanta,Vibrio,15,13.5
2024,2,5,Region 4 - Atlanta,Vibrio,20,15
2024,2,6,Region 4 - Atlanta,Vibrio,36,26
2024,3,7,Region 4 - Atlanta,Vibrio,34,38
2024,3,8,Region 4 - Atlanta,Vibrio,17,22
2024,3,9,Region 4 - Atlanta,Vibrio,31,20
2024,4,10,Region 4 - Atlanta,Vibrio,27,15
2024,4,11,Region 4 - Atlanta,Vibrio,7,6.5
2024,4,12,Region 4 - Atlanta,Vibrio,1,5.5
2023,1,1,Region 5 - Chicago,Campylobacter,54,42
2023,1,2,Region 5 - Chicago,Campylobacter,46,36
2023,1,3,Region 5 - Chicago,Campylobacter,61,41.5
2023,2,4,Region 5 - Chicago,Campylobacter,61,59
2023,2,5,Region 5 - Chicago,Campylobacter,70,62.5
2023,2,6,Region 5 - Chicago,Campylobacter,109,119
2023,3,7,Region 5 - Chicago,Campylobacter,117,140
2023,3,8,Region 5 - Chicago,Campylobacter,148,136
2023,3,9,Region 5 - Chicago,Campylobacter,119,100
2023,4,10,Region 5 - Chicago,Campylobacter,101,81.5
2023,4,11,Region 5 - Chicago,Campylobacter,80,53
2023,4,12,Region 5 - Chicago,Campylobacter,52,41
2024,1,1,Region 5 - Chicago,Campylobacter,65,48
2024,1,2,Region 5 - Chicago,Campylobacter,51,39
2024,1,3,Region 5 - Chicago,Campylobacter,54,55.5
2024,2,4,Region 5 - Chicago,Campylobacter,50,62.5
2024,2,5,Region 5 - Chicago,Campylobacter,86,72.5
2024,2,6,Region 5 - Chicago,Campylobacter,111,110
2024,3,7,Region 5 - Chicago,Campylobacter,138,131
2024,3,8,Region 5 - Chicago,Campylobacter,115,141
2024,3,9,Region 5 - Chicago,Campylobacter,74,115.5
2024,4,10,Region 5 - Chicago,Campylobacter,96,94.5
2024,4,11,Region 5 - Chicago,Campylobacter,81,65.5
2024,4,12,Region 5 - Chicago,Campylobacter,35,53
2023,1,1,Region 5 - Chicago,STEC,90,49.5
2023,1,2,Region 5 - Chicago,STEC,72,44.5
2023,1,3,Region 5 - Chicago,STEC,156,58
2023,2,4,Region 5 - Chicago,STEC,150,88
2023,2,5,Region 5 - Chicago,STEC,120,106
2023,2,6,Region 5 - Chicago,STEC,182,145.5
2023,3,7,Region 5 - Chicago,STEC,256,205.5
2023,3,8,Region 5 - Chicago,STEC,288,250
2023,3,9,Region 5 - Chicago,STEC,274,151
2023,4,10,Region 5 - Chicago,STEC,185,118.5
2023,4,11,Region 5 - Chicago,STEC,126,92
2023,4,12,Region 5 - Chicago,STEC,100,76
2024,1,1,Region 5 - Chicago,STEC,147,69.5
2024,1,2,Region 5 - Chicago,STEC,173,63
2024,1,3,Region 5 - Chicago,STEC,168,111.5
2024,2,4,Region 5 - Chicago,STEC,181,122.5
2024,2,5,Region 5 - Chicago,STEC,158,115
2024,2,6,Region 5 - Chicago,STEC,240,176.5
2024,3,7,Region 5 - Chicago,STEC,294,223.5
2024,3,8,Region 5 - Chicago,STEC,254,291.5
2024,3,9,Region 5 - Chicago,STEC,221,223.5
2024,4,10,Region 5 - Chicago,STEC,211,144.5
2024,4,11,Region 5 - Chicago,STEC,206,107.5
2024,4,12,Region 5 - Chicago,STEC,87,90
2023,1,1,Region 5 - Chicago,Salmonella,375,278.5
2023,1,2,Region 5 - Chicago,Salmonella,350,222.5
2023,1,3,Region 5 - Chicago,Salmonella,354,305
2023,2,4,Region 5 - Chicago,Salmonella,464,398.5
2023,2,5,Region 5 - Chicago,Salmonella,632,460.5
2023,2,6,Region 5 - Chicago,Salmonella,693,614.5
2023,3,7,Region 5 - Chicago,Salmonella,852,763
2023,3,8,Region 5 - Chicago,Salmonella,846,751.5
2023,3,9,Region 5 - Chicago,Salmonella,673,718
2023,4,10,Region 5 - Chicago,Salmonella,551,537
2023,4,11,Region 5 - Chicago,Salmonella,561,380.5
2023,4,12,Region 5 - Chicago,Salmonella,413,303.5
2024,1,1,Region 5 - Chicago,Salmonella,405,343.5
2024,1,2,Region 5 - Chicago,Salmonella,358,304
2024,1,3,Region 5 - Chicago,Salmonella,422,347
2024,2,4,Region 5 - Chicago,Salmonella,518,436
2024,2,5,Region 5 - Chicago,Salmonella,624,545
2024,2,6,Region 5 - Chicago,Salmonella,676,653
2024,3,7,Region 5 - Chicago,Salmonella,857,811
2024,3,8,Region 5 - Chicago,Salmonella,830,798.5
2024,3,9,Region 5 - Chicago,Salmonella,695,682.5
2024,4,10,Region 5 - Chicago,Salmonella,671,524
2024,4,11,Region 5 - Chicago,Salmonella,518,471.5
2024,4,12,Region 5 - Chicago,Salmonella,349,360
2023,1,1,Region 5 - Chicago,Shigella,39,5
2023,1,2,Region 5 - Chicago,Shigella,29,5.5
2023,1,3,Region 5 - Chicago,Shigella,46,6.5
2023,2,4,Region 5 - Chicago,Shigella,37,7
2023,2,5,Region 5 - Chicago,Shigella,26,16
2023,2,6,Region 5 - Chicago,Shigella,39,12
2023,3,7,Region 5 - Chicago,Shigella,47,16
2023,3,8,Region 5 - Chicago,Shigella,51,26
2023,3,9,Region 5 - Chicago,Shigella,43,24.5
2023,4,10,Region 5 - Chicago,Shigella,63,14
2023,4,11,Region 5 - Chicago,Shigella,71,19
2023,4,12,Region 5 - Chicago,Shigella,63,17
2024,1,1,Region 5 - Chicago,Shigella,68,21.5
2024,1,2,Region 5 - Chicago,Shigella,49,18
2024,1,3,Region 5 - Chicago,Shigella,59,25.5
2024,2,4,Region 5 - Chicago,Shigella,71,24
2024,2,5,Region 5 - Chicago,Shigella,59,24.5
2024,2,6,Region 5 - Chicago,Shigella,66,31
2024,3,7,Region 5 - Chicago,Shigella,59,37
2024,3,8,Region 5 - Chicago,Shigella,80,49
2024,3,9,Region 5 - Chicago,Shigella,91,44
2024,4,10,Region 5 - Chicago,Shigella,80,42
2024,4,11,Region 5 - Chicago,Shigella,60,51
2024,4,12,Region 5 - Chicago,Shigella,42,42
2023,1,1,Region 5 - Chicago,Vibrio,3,0
2023,1,2,Region 5 - Chicago,Vibrio,1,0
2023,1,3,Region 5 - Chicago,Vibrio,3,0
2023,2,4,Region 5 - Chicago,Vibrio,3,0
2023,2,5,Region 5 - Chicago,Vibrio,2,0
2023,2,6,Region 5 - Chicago,Vibrio,7,4.5
2023,3,7,Region 5 - Chicago,Vibrio,16,6
2023,3,8,Region 5 - Chicago,Vibrio,18,17
2023,3,9,Region 5 - Chicago,Vibrio,10,5.5
2023,4,10,Region 5 - Chicago,Vibrio,6,4.5
2023,4,11,Region 5 - Chicago,Vibrio,2,0.5
2023,4,12,Region 5 - Chicago,Vibrio,2,1.5
2024,1,1,Region 5 - Chicago,Vibrio,3,2.5
2024,1,2,Region 5 - Chicago,Vibrio,8,2.5
2024,1,3,Region 5 - Chicago,Vibrio,3,2
2024,2,4,Region 5 - Chicago,Vibrio,5,3
2024,2,5,Region 5 - Chicago,Vibrio,8,3.5
2024,2,6,Region 5 - Chicago,Vibrio,8,5.5
2024,3,7,Region 5 - Chicago,Vibrio,11,10.5
2024,3,8,Region 5 - Chicago,Vibrio,4,19.5
2024,3,9,Region 5 - Chicago,Vibrio,5,6.5
2024,4,10,Region 5 - Chicago,Vibrio,5,5
2024,4,11,Region 5 - Chicago,Vibrio,2,1.5
2024,4,12,Region 5 - Chicago,Vibrio,1,2
2023,1,1,Region 6 - Dallas,Campylobacter,5,9
2023,1,2,Region 6 - Dallas,Campylobacter,8,12.5
2023,1,3,Region 6 - Dallas,Campylobacter,1,8.5
2023,2,4,Region 6 - Dallas,Campylobacter,8,14.5
2023,2,5,Region 6 - Dallas,Campylobacter,9,9
2023,2,6,Region 6 - Dallas,Campylobacter,24,12
2023,3,7,Region 6 - Dallas,Campylobacter,20,8
2023,3,8,Region 6 - Dallas,Campylobacter,8,6
2023,3,9,Region 6 - Dallas,Campylobacter,2,0
2023,4,10,Region 6 - Dallas,Campylobacter,8,6
2023,4,11,Region 6 - Dallas,Campylobacter,3,9
2023,4,12,Region 6 - Dallas,Campylobacter,3,6.5
2024,1,1,Region 6 - Dallas,Campylobacter,1,4.5
2024,1,2,Region 6 - Dallas,Campylobacter,3,7.5
2024,1,3,Region 6 - Dallas,Campylobacter,8,3
2024,2,4,Region 6 - Dallas,Campylobacter,8,9
2024,2,5,Region 6 - Dallas,Campylobacter,13,9.5
2024,2,6,Region 6 - Dallas,Campylobacter,18,15
2024,3,7,Region 6 - Dallas,Campylobacter,12,13.5
2024,3,8,Region 6 - Dallas,Campylobacter,11,5
2024,3,9,Region 6 - Dallas,Campylobacter,10,0
2024,4,10,Region 6 - Dallas,Campylobacter,14,5.5
2024,4,11,Region 6 - Dallas,Campylobacter,11,4
2024,4,12,Region 6 - Dallas,Campylobacter,0,6
2023,1,1,Region 6 - Dallas,STEC,34,36
2023,1,2,Region 6 - Dallas,STEC,33,20
2023,1,3,Region 6 - Dallas,STEC,35,38
2023,2,4,Region 6 - Dallas,STEC,51,46
2023,2,5,Region 6 - Dallas,STEC,58,60.5
2023,2,6,Region 6 - Dallas,STEC,88,67.5
2023,3,7,Region 6 - Dallas,STEC,66,57
2023,3,8,Region 6 - Dallas,STEC,54,42.5
2023,3,9,Region 6 - Dallas,STEC,50,51
2023,4,10,Region 6 - Dallas,STEC,67,52
2023,4,11,Region 6 - Dallas,STEC,44,45.5
2023,4,12,Region 6 - Dallas,STEC,32,37.5
2024,1,1,Region 6 - Dallas,STEC,27,38.5
2024,1,2,Region 6 - Dallas,STEC,31,26.5
2024,1,3,Region 6 - Dallas,STEC,39,36
2024,2,4,Region 6 - Dallas,STEC,54,47.5
2024,2,5,Region 6 - Dallas,STEC,56,55
2024,2,6,Region 6 - Dallas,STEC,82,77
2024,3,7,Region 6 - Dallas,STEC,62,59.5
2024,3,8,Region 6 - Dallas,STEC,39,52.5
2024,3,9,Region 6 - Dallas,STEC,50,55.5
2024,4,10,Region 6 - Dallas,STEC,75,63.5
2024,4,11,Region 6 - Dallas,STEC,52,47.5
2024,4,12,Region 6 - Dallas,STEC,17,38
2023,1,1,Region 6 - Dallas,Salmonella,315,256.5
2023,1,2,Region 6 - Dallas,Salmonella,258,181.5
2023,1,3,Region 6 - Dallas,Salmonella,314,264
2023,2,4,Region 6 - Dallas,Salmonella,378,322.5
2023,2,5,Region 6 - Dallas,Salmonella,527,453.5
2023,2,6,Region 6 - Dallas,Salmonella,662,604.5
2023,3,7,Region 6 - Dallas,Salmonella,765,706
2023,3,8,Region 6 - Dallas,Salmonella,835,826.5
2023,3,9,Region 6 - Dallas,Salmonella,874,1071
2023,4,10,Region 6 - Dallas,Salmonella,1020,819
2023,4,11,Region 6 - Dallas,Salmonella,674,525.5
2023,4,12,Region 6 - Dallas,Salmonella,409,394.5
2024,1,1,Region 6 - Dallas,Salmonella,355,307
2024,1,2,Region 6 - Dallas,Salmonella,321,238
2024,1,3,Region 6 - Dallas,Salmonella,413,313.5
2024,2,4,Region 6 - Dallas,Salmonella,430,373
2024,2,5,Region 6 - Dallas,Salmonella,590,527.5
2024,2,6,Region 6 - Dallas,Salmonella,647,671
2024,3,7,Region 6 - Dallas,Salmonella,971,749.5
2024,3,8,Region 6 - Dallas,Salmonella,1069,847
2024,3,9,Region 6 - Dallas,Salmonella,1224,959
2024,4,10,Region 6 - Dallas,Salmonella,1104,868.5
2024,4,11,Region 6 - Dallas,Salmonella,788,559.5
2024,4,12,Region 6 - Dallas,Salmonella,359,393
2023,1,1,Region 6 - Dallas,Shigella,19,16.5
2023,1,2,Region 6 - Dallas,Shigella,18,10
2023,1,3,Region 6 - Dallas,Shigella,16,16.5
2023,2,4,Region 6 - Dallas,Shigella,16,15
2023,2,5,Region 6 - Dallas,Shigella,44,19.5
2023,2,6,Region 6 - Dallas,Shigella,25,14.5
2023,3,7,Region 6 - Dallas,Shigella,20,20
2023,3,8,Region 6 - Dallas,Shigella,33,17
2023,3,9,Region 6 - Dallas,Shigella,24,34
2023,4,10,Region 6 - Dallas,Shigella,34,34
2023,4,11,Region 6 - Dallas,Shigella,56,32.5
2023,4,12,Region 6 - Dallas,Shigella,24,23.5
2024,1,1,Region 6 - Dallas,Shigella,23,19.5
2024,1,2,Region 6 - Dallas,Shigella,24,16
2024,1,3,Region 6 - Dallas,Shigella,38,17.5
2024,2,4,Region 6 - Dallas,Shigella,20,15
2024,2,5,Region 6 - Dallas,Shigella,37,34.5
2024,2,6,Region 6 - Dallas,Shigella,68,22
2024,3,7,Region 6 - Dallas,Shigella,36,24
2024,3,8,Region 6 - Dallas,Shigella,45,26
2024,3,9,Region 6 - Dallas,Shigella,59,35
2024,4,10,Region 6 - Dallas,Shigella,53,43
2024,4,11,Region 6 - Dallas,Shigella,49,47.5
2024,4,12,Region 6 - Dallas,Shigella,17,25.5
2023,1,1,Region 6 - Dallas,Vibrio,1,0
2023,1,2,Region 6 - Dallas,Vibrio,0,0
2023,1,3,Region 6 - Dallas,Vibrio,8,2
2023,2,4,Region 6 - Dallas,Vibrio,2,0
2023,2,5,Region 6 - Dallas,Vibrio,7,7
2023,2,6,Region 6 - Dallas,Vibrio,8,15.5
2023,3,7,Region 6 - Dallas,Vibrio,14,14
2023,3,8,Region 6 - Dallas,Vibrio,10,9.5
2023,3,9,Region 6 - Dallas,Vibrio,7,6
2023,4,10,Region 6 - Dallas,Vibrio,7,2.5
2023,4,11,Region 6 - Dallas,Vibrio,5,2
2023,4,12,Region 6 - Dallas,Vibrio,4,1
2024,1,1,Region 6 - Dallas,Vibrio,0,1
2024,1,2,Region 6 - Dallas,Vibrio,1,0.5
2024,1,3,Region 6 - Dallas,Vibrio,1,5
2024,2,4,Region 6 - Dallas,Vibrio,6,5.5
2024,2,5,Region 6 - Dallas,Vibrio,7,7.5
2024,2,6,Region 6 - Dallas,Vibrio,16,11.5
2024,3,7,Region 6 - Dallas,Vibrio,6,12
2024,3,8,Region 6 - Dallas,Vibrio,10,11
2024,3,9,Region 6 - Dallas,Vibrio,8,7.5
2024,4,10,Region 6 - Dallas,Vibrio,2,4.5
2024,4,11,Region 6 - Dallas,Vibrio,5,2.5
2024,4,12,Region 6 - Dallas,Vibrio,0,3
2023,1,1,Region 7 - Kansas City,Campylobacter,1,0
2023,1,2,Region 7 - Kansas City,Campylobacter,0,1
2023,1,3,Region 7 - Kansas City,Campylobacter,1,1
2023,2,4,Region 7 - Kansas City,Campylobacter,1,1.5
2023,2,5,Region 7 - Kansas City,Campylobacter,2,0
2023,2,6,Region 7 - Kansas City,Campylobacter,1,1.5
2023,3,7,Region 7 - Kansas City,Campylobacter,1,3
2023,3,8,Region 7 - Kansas City,Campylobacter,5,1.5
2023,3,9,Region 7 - Kansas City,Campylobacter,2,5.5
2023,4,10,Region 7 - Kansas City,Campylobacter,1,3.5
2023,4,11,Region 7 - Kansas City,Campylobacter,1,2
2023,4,12,Region 7 - Kansas City,Campylobacter,1,1
2024,1,1,Region 7 - Kansas City,Campylobacter,3,0.5
2024,1,2,Region 7 - Kansas City,Campylobacter,0,0
2024,1,3,Region 7 - Kansas City,Campylobacter,0,1
2024,2,4,Region 7 - Kansas City,Campylobacter,3,2
2024,2,5,Region 7 - Kansas City,Campylobacter,6,1
2024,2,6,Region 7 - Kansas City,Campylobacter,2,1.5
2024,3,7,Region 7 - Kansas City,Campylobacter,5,2
2024,3,8,Region 7 - Kansas City,Campylobacter,1,3
2024,3,9,Region 7 - Kansas City,Campylobacter,3,3
2024,4,10,Region 7 - Kansas City,Campylobacter,2,1
2024,4,11,Region 7 - Kansas City,Campylobacter,1,1.5
2024,4,12,Region 7 - Kansas City,Campylobacter,0,1.5
2023,1,1,Region 7 - Kansas City,STEC,23,20
2023,1,2,Region 7 - Kansas City,STEC,22,16.5
2023,1,3,Region 7 - Kansas City,STEC,33,28.5
2023,2,4,Region 7 - Kansas City,STEC,39,56.5
2023,2,5,Region 7 - Kansas City,STEC,58,63
2023,2,6,Region 7 - Kansas City,STEC,83,102.5
2023,3,7,Region 7 - Kansas City,STEC,115,111
2023,3,8,Region 7 - Kansas City,STEC,84,85
2023,3,9,Region 7 - Kansas City,STEC,69,69
2023,4,10,Region 7 - Kansas City,STEC,50,55.5
2023,4,11,Region 7 - Kansas City,STEC,33,41.5
2023,4,12,Region 7 - Kansas City,STEC,27,19.5
2024,1,1,Region 7 - Kansas City,STEC,27,22.5
2024,1,2,Region 7 - Kansas City,STEC,22,20.5
2024,1,3,Region 7 - Kansas City,STEC,39,30
2024,2,4,Region 7 - Kansas City,STEC,38,46
2024,2,5,Region 7 - Kansas City,STEC,83,60
2024,2,6,Region 7 - Kansas City,STEC,75,92.5
2024,3,7,Region 7 - Kansas City,STEC,106,107
2024,3,8,Region 7 - Kansas City,STEC,74,86.5
2024,3,9,Region 7 - Kansas City,STEC,49,73
2024,4,10,Region 7 - Kansas City,STEC,72,52
2024,4,11,Region 7 - Kansas City,STEC,93,38
2024,4,12,Region 7 - Kansas City,STEC,23,22
2023,1,1,Region 7 - Kansas City,Salmonella,116,86.5
2023,1,2,Region 7 - Kansas City,Salmonella,94,71
2023,1,3,Region 7 - Kansas City,Salmonella,152,104.5
2023,2,4,Region 7 - Kansas City,Salmonella,134,129.5
2023,2,5,Region 7 - Kansas City,Salmonella,231,161
2023,2,6,Region 7 - Kansas City,Salmonella,261,210
2023,3,7,Region 7 - Kansas City,Salmonella,310,275.5
2023,3,8,Region 7 - Kansas City,Salmonella,292,270
2023,3,9,Region 7 - Kansas City,Salmonella,273,275.5
2023,4,10,Region 7 - Kansas City,Salmonella,221,235
2023,4,11,Region 7 - Kansas City,Salmonella,156,136
2023,4,12,Region 7 - Kansas City,Salmonella,110,135
2024,1,1,Region 7 - Kansas City,Salmonella,117,104.5
2024,1,2,Region 7 - Kansas City,Salmonella,124,90.5
2024,1,3,Region 7 - Kansas City,Salmonella,125,127.5
2024,2,4,Region 7 - Kansas City,Salmonella,153,125
2024,2,5,Region 7 - Kansas City,Salmonella,193,198.5
2024,2,6,Region 7 - Kansas City,Salmonella,249,234
2024,3,7,Region 7 - Kansas City,Salmonella,278,304
2024,3,8,Region 7 - Kansas City,Salmonella,262,290.5
2024,3,9,Region 7 - Kansas City,Salmonella,301,265.5
2024,4,10,Region 7 - Kansas City,Salmonella,237,211.5
2024,4,11,Region 7 - Kansas City,Salmonella,171,140
2024,4,12,Region 7 - Kansas City,Salmonella,95,126.5
2023,1,1,Region 7 - Kansas City,Shigella,10,4.5
2023,1,2,Region 7 - Kansas City,Shigella,10,6
2023,1,3,Region 7 - Kansas City,Shigella,6,5
2023,2,4,Region 7 - Kansas City,Shigella,7,3
2023,2,5,Region 7 - Kansas City,Shigella,8,5
2023,2,6,Region 7 - Kansas City,Shigella,10,6.5
2023,3,7,Region 7 - Kansas City,Shigella,6,5
2023,3,8,Region 7 - Kansas City,Shigella,8,12
2023,3,9,Region 7 - Kansas City,Shigella,13,5
2023,4,10,Region 7 - Kansas City,Shigella,27,6.5
2023,4,11,Region 7 - Kansas City,Shigella,20,5.5
2023,4,12,Region 7 - Kansas City,Shigella,6,6
2024,1,1,Region 7 - Kansas City,Shigella,13,7
2024,1,2,Region 7 - Kansas City,Shigella,15,10
2024,1,3,Region 7 - Kansas City,Shigella,11,5
2024,2,4,Region 7 - Kansas City,Shigella,16,4
2024,2,5,Region 7 - Kansas City,Shigella,13,7.5
2024,2,6,Region 7 - Kansas City,Shigella,24,7.5
2024,3,7,Region 7 - Kansas City,Shigella,52,7
2024,3,8,Region 7 - Kansas City,Shigella,46,10
2024,3,9,Region 7 - Kansas City,Shigella,49,10
2024,4,10,Region 7 - Kansas City,Shigella,48,17.5
2024,4,11,Region 7 - Kansas City,Shigella,14,13
2024,4,12,Region 7 - Kansas City,Shigella,13,5.5
2023,1,1,Region 7 - Kansas City,Vibrio,0,0
2023,1,2,Region 7 - Kansas City,Vibrio,1,0
2023,1,3,Region 7 - Kansas City,Vibrio,0,0
2023,2,4,Region 7 - Kansas City,Vibrio,2,0
2023,2,5,Region 7 - Kansas City,Vibrio,1,0.5
2023,2,6,Region 7 - Kansas City,Vibrio,2,2.5
2023,3,7,Region 7 - Kansas City,Vibrio,4,3.5
2023,3,8,Region 7 - Kansas City,Vibrio,4,1.5
2023,3,9,Region 7 - Kansas City,Vibrio,0,1
2023,4,10,Region 7 - Kansas City,Vibrio,0,0.5
2023,4,11,Region 7 - Kansas City,Vibrio,1,2.5
2023,4,12,Region 7 - Kansas City,Vibrio,1,0
2024,1,1,Region 7 - Kansas City,Vibrio,1,0
2024,1,2,Region 7 - Kansas City,Vibrio,0,1
2024,1,3,Region 7 - Kansas City,Vibrio,5,0
2024,2,4,Region 7 - Kansas City,Vibrio,0,2
2024,2,5,Region 7 - Kansas City,Vibrio,2,0.5
2024,2,6,Region 7 - Kansas City,Vibrio,1,2.5
2024,3,7,Region 7 - Kansas City,Vibrio,3,3
2024,3,8,Region 7 - Kansas City,Vibrio,3,3
2024,3,9,Region 7 - Kansas City,Vibrio,0,0
2024,4,10,Region 7 - Kansas City,Vibrio,0,0
2024,4,11,Region 7 - Kansas City,Vibrio,0,2
2024,4,12,Region 7 - Kansas City,Vibrio,0,0.5
2023,1,1,Region 8 - Denver,Campylobacter,32,19.5
2023,1,2,Region 8 - Denver,Campylobacter,26,21.5
2023,1,3,Region 8 - Denver,Campylobacter,45,27.5
2023,2,4,Region 8 - Denver,Campylobacter,37,31.5
2023,2,5,Region 8 - Denver,Campylobacter,46,38.5
2023,2,6,Region 8 - Denver,Campylobacter,75,54
2023,3,7,Region 8 - Denver,Campylobacter,83,60.5
2023,3,8,Region 8 - Denver,Campylobacter,87,59
2023,3,9,Region 8 - Denver,Campylobacter,88,53
2023,4,10,Region 8 - Denver,Campylobacter,71,50
2023,4,11,Region 8 - Denver,Campylobacter,44,32.5
2023,4,12,Region 8 - Denver,Campylobacter,29,25
2024,1,1,Region 8 - Denver,Campylobacter,25,25
2024,1,2,Region 8 - Denver,Campylobacter,32,24.5
2024,1,3,Region 8 - Denver,Campylobacter,32,39
2024,2,4,Region 8 - Denver,Campylobacter,48,34
2024,2,5,Region 8 - Denver,Campylobacter,52,45.5
2024,2,6,Region 8 - Denver,Campylobacter,74,57.5
2024,3,7,Region 8 - Denver,Campylobacter,74,67.5
2024,3,8,Region 8 - Denver,Campylobacter,66,75
2024,3,9,Region 8 - Denver,Campylobacter,47,72.5
2024,4,10,Region 8 - Denver,Campylobacter,42,58
2024,4,11,Region 8 - Denver,Campylobacter,36,38
2024,4,12,Region 8 - Denver,Campylobacter,17,27
2023,1,1,Region 8 - Denver,STEC,25,15
2023,1,2,Region 8 - Denver,STEC,25,18
2023,1,3,Region 8 - Denver,STEC,30,27.5
2023,2,4,Region 8 - Denver,STEC,38,30.5
2023,2,5,Region 8 - Denver,STEC,52,40.5
2023,2,6,Region 8 - Denver,STEC,92,68
2023,3,7,Region 8 - Denver,STEC,95,92.5
2023,3,8,Region 8 - Denver,STEC,95,91
2023,3,9,Region 8 - Denver,STEC,52,53.5
2023,4,10,Region 8 - Denver,STEC,39,55
2023,4,11,Region 8 - Denver,STEC,44,36
2023,4,12,Region 8 - Denver,STEC,39,26
2024,1,1,Region 8 - Denver,STEC,18,21
2024,1,2,Region 8 - Denver,STEC,30,25
2024,1,3,Region 8 - Denver,STEC,29,31
2024,2,4,Region 8 - Denver,STEC,34,34
2024,2,5,Region 8 - Denver,STEC,43,49.5
2024,2,6,Region 8 - Denver,STEC,63,80
2024,3,7,Region 8 - Denver,STEC,102,89
2024,3,8,Region 8 - Denver,STEC,59,88.5
2024,3,9,Region 8 - Denver,STEC,53,56.5
2024,4,10,Region 8 - Denver,STEC,133,45.5
2024,4,11,Region 8 - Denver,STEC,42,41.5
2024,4,12,Region 8 - Denver,STEC,24,36
2023,1,1,Region 8 - Denver,Salmonella,95,80.5
2023,1,2,Region 8 - Denver,Salmonella,91,52.5
2023,1,3,Region 8 - Denver,Salmonella,114,79.5
2023,2,4,Region 8 - Denver,Salmonella,140,105
2023,2,5,Region 8 - Denver,Salmonella,131,129.5
2023,2,6,Region 8 - Denver,Salmonella,145,137.5
2023,3,7,Region 8 - Denver,Salmonella,192,198
2023,3,8,Region 8 - Denver,Salmonella,231,208
2023,3,9,Region 8 - Denver,Salmonella,154,161.5
2023,4,10,Region 8 - Denver,Salmonella,148,166
2023,4,11,Region 8 - Denver,Salmonella,163,120.5
2023,4,12,Region 8 - Denver,Salmonella,120,102.5
2024,1,1,Region 8 - Denver,Salmonella,122,100.5
2024,1,2,Region 8 - Denver,Salmonella,86,78.5
2024,1,3,Region 8 - Denver,Salmonella,113,101.5
2024,2,4,Region 8 - Denver,Salmonella,129,129
2024,2,5,Region 8 - Denver,Salmonella,157,145
2024,2,6,Region 8 - Denver,Salmonella,178,140
2024,3,7,Region 8 - Denver,Salmonella,190,190.5
2024,3,8,Region 8 - Denver,Salmonella,208,211.5
2024,3,9,Region 8 - Denver,Salmonella,175,156.5
2024,4,10,Region 8 - Denver,Salmonella,151,156
2024,4,11,Region 8 - Denver,Salmonella,140,137.5
2024,4,12,Region 8 - Denver,Salmonella,83,114.5
2023,1,1,Region 8 - Denver,Shigella,20,17.5
2023,1,2,Region 8 - Denver,Shigella,21,11
2023,1,3,Region 8 - Denver,Shigella,29,11.5
2023,2,4,Region 8 - Denver,Shigella,22,12
2023,2,5,Region 8 - Denver,Shigella,23,8.5
2023,2,6,Region 8 - Denver,Shigella,18,10
2023,3,7,Region 8 - Denver,Shigella,20,16
2023,3,8,Region 8 - Denver,Shigella,37,24
2023,3,9,Region 8 - Denver,Shigella,38,16
2023,4,10,Region 8 - Denver,Shigella,28,25
2023,4,11,Region 8 - Denver,Shigella,22,18.5
2023,4,12,Region 8 - Denver,Shigella,29,13.5
2024,1,1,Region 8 - Denver,Shigella,26,21.5
2024,1,2,Region 8 - Denver,Shigella,28,17
2024,1,3,Region 8 - Denver,Shigella,23,24
2024,2,4,Region 8 - Denver,Shigella,27,20
2024,2,5,Region 8 - Denver,Shigella,25,18
2024,2,6,Region 8 - Denver,Shigella,20,15
2024,3,7,Region 8 - Denver,Shigella,35,20
2024,3,8,Region 8 - Denver,Shigella,37,32.5
2024,3,9,Region 8 - Denver,Shigella,47,27.5
2024,4,10,Region 8 - Denver,Shigella,46,32
2024,4,11,Region 8 - Denver,Shigella,30,24.5
2024,4,12,Region 8 - Denver,Shigella,16,22.5
2023,1,1,Region 8 - Denver,Vibrio,1,1
2023,1,2,Region 8 - Denver,Vibrio,0,0
2023,1,3,Region 8 - Denver,Vibrio,0,0
2023,2,4,Region 8 - Denver,Vibrio,0,1.5
2023,2,5,Region 8 - Denver,Vibrio,0,0
2023,2,6,Region 8 - Denver,Vibrio,5,3
2023,3,7,Region 8 - Denver,Vibrio,13,11.5
2023,3,8,Region 8 - Denver,Vibrio,4,5
2023,3,9,Region 8 - Denver,Vibrio,9,1.5
2023,4,10,Region 8 - Denver,Vibrio,0,2
2023,4,11,Region 8 - Denver,Vibrio,5,0.5
2023,4,12,Region 8 - Denver,Vibrio,1,1
2024,1,1,Region 8 - Denver,Vibrio,2,1
2024,1,2,Region 8 - Denver,Vibrio,0,0.5
2024,1,3,Region 8 - Denver,Vibrio,2,0
2024,2,4,Region 8 - Denver,Vibrio,1,0.5
2024,2,5,Region 8 - Denver,Vibrio,0,0
2024,2,6,Region 8 - Denver,Vibrio,1,4
2024,3,7,Region 8 - Denver,Vibrio,9,7.5
2024,3,8,Region 8 - Denver,Vibrio,7,5
2024,3,9,Region 8 - Denver,Vibrio,1,5
2024,4,10,Region 8 - Denver,Vibrio,2,0
2024,4,11,Region 8 - Denver,Vibrio,0,2.5
2024,4,12,Region 8 - Denver,Vibrio,1,1
2023,1,1,Region 9 - San Francisco,Campylobacter,15,9
2023,1,2,Region 9 - San Francisco,Campylobacter,17,7.5
2023,1,3,Region 9 - San Francisco,Campylobacter,14,10
2023,2,4,Region 9 - San Francisco,Campylobacter,19,8.5
2023,2,5,Region 9 - San Francisco,Campylobacter,27,12.5
2023,2,6,Region 9 - San Francisco,Campylobacter,29,18
2023,3,7,Region 9 - San Francisco,Campylobacter,42,12.5
2023,3,8,Region 9 - San Francisco,Campylobacter,25,17
2023,3,9,Region 9 - San Francisco,Campylobacter,29,11
2023,4,10,Region 9 - San Francisco,Campylobacter,18,12.5
2023,4,11,Region 9 - San Francisco,Campylobacter,17,3.5
2023,4,12,Region 9 - San Francisco,Campylobacter,7,8.5
2024,1,1,Region 9 - San Francisco,Campylobacter,6,12
2024,1,2,Region 9 - San Francisco,Campylobacter,10,12
2024,1,3,Region 9 - San Francisco,Campylobacter,9,12.5
2024,2,4,Region 9 - San Francisco,Campylobacter,7,12.5
2024,2,5,Region 9 - San Francisco,Campylobacter,6,19.5
2024,2,6,Region 9 - San Francisco,Campylobacter,9,22.5
2024,3,7,Region 9 - San Francisco,Campylobacter,14,26
2024,3,8,Region 9 - San Francisco,Campylobacter,9,21
2024,3,9,Region 9 - San Francisco,Campylobacter,16,23
2024,4,10,Region 9 - San Francisco,Campylobacter,7,15.5
2024,4,11,Region 9 - San Francisco,Campylobacter,1,10.5
2024,4,12,Region 9 - San Francisco,Campylobacter,2,5
2023,1,1,Region 9 - San Francisco,STEC,77,50
2023,1,2,Region 9 - San Francisco,STEC,47,55
2023,1,3,Region 9 - San Francisco,STEC,78,58.5
2023,2,4,Region 9 - San Francisco,STEC,71,90.5
2023,2,5,Region 9 - San Francisco,STEC,93,104.5
2023,2,6,Region 9 - San Francisco,STEC,81,152.5
2023,3,7,Region 9 - San Francisco,STEC,152,162
2023,3,8,Region 9 - San Francisco,STEC,131,126.5
2023,3,9,Region 9 - San Francisco,STEC,105,96.5
2023,4,10,Region 9 - San Francisco,STEC,135,92.5
2023,4,11,Region 9 - San Francisco,STEC,89,89
2023,4,12,Region 9 - San Francisco,STEC,80,64
2024,1,1,Region 9 - San Francisco,STEC,80,66.5
2024,1,2,Region 9 - San Francisco,STEC,81,52.5
2024,1,3,Region 9 - San Francisco,STEC,77,78
2024,2,4,Region 9 - San Francisco,STEC,106,91
2024,2,5,Region 9 - San Francisco,STEC,91,104.5
2024,2,6,Region 9 - San Francisco,STEC,117,120.5
2024,3,7,Region 9 - San Francisco,STEC,104,147.5
2024,3,8,Region 9 - San Francisco,STEC,89,119.5
2024,3,9,Region 9 - San Francisco,STEC,95,87
2024,4,10,Region 9 - San Francisco,STEC,127,110.5
2024,4,11,Region 9 - San Francisco,STEC,68,78.5
2024,4,12,Region 9 - San Francisco,STEC,18,66
2023,1,1,Region 9 - San Francisco,Salmonella,385,232.5
2023,1,2,Region 9 - San Francisco,Salmonella,334,224
2023,1,3,Region 9 - San Francisco,Salmonella,374,290
2023,2,4,Region 9 - San Francisco,Salmonella,384,348
2023,2,5,Region 9 - San Francisco,Salmonella,537,433.5
2023,2,6,Region 9 - San Francisco,Salmonella,640,549
2023,3,7,Region 9 - San Francisco,Salmonella,676,617
2023,3,8,Region 9 - San Francisco,Salmonella,1003,712.5
2023,3,9,Region 9 - San Francisco,Salmonella,852,693.5
2023,4,10,Region 9 - San Francisco,Salmonella,926,580.5
2023,4,11,Region 9 - San Francisco,Salmonella,730,448
2023,4,12,Region 9 - San Francisco,Salmonella,515,342
2024,1,1,Region 9 - San Francisco,Salmonella,492,313.5
2024,1,2,Region 9 - San Francisco,Salmonella,351,296
2024,1,3,Region 9 - San Francisco,Salmonella,401,344
2024,2,4,Region 9 - San Francisco,Salmonella,472,383
2024,2,5,Region 9 - San Francisco,Salmonella,654,503.5
2024,2,6,Region 9 - San Francisco,Salmonella,659,583
2024,3,7,Region 9 - San Francisco,Salmonella,947,664
2024,3,8,Region 9 - San Francisco,Salmonella,1011,885.5
2024,3,9,Region 9 - San Francisco,Salmonella,922,834.5
2024,4,10,Region 9 - San Francisco,Salmonella,661,805
2024,4,11,Region 9 - San Francisco,Salmonella,415,586.5
2024,4,12,Region 9 - San Francisco,Salmonella,123,431.5
2023,1,1,Region 9 - San Francisco,Shigella,116,94
2023,1,2,Region 9 - San Francisco,Shigella,83,94.5
2023,1,3,Region 9 - San Francisco,Shigella,125,99
2023,2,4,Region 9 - San Francisco,Shigella,105,103.5
2023,2,5,Region 9 - San Francisco,Shigella,139,96.5
2023,2,6,Region 9 - San Francisco,Shigella,93,81
2023,3,7,Region 9 - San Francisco,Shigella,114,74
2023,3,8,Region 9 - San Francisco,Shigella,142,91.5
2023,3,9,Region 9 - San Francisco,Shigella,138,99.5
2023,4,10,Region 9 - San Francisco,Shigella,140,143
2023,4,11,Region 9 - San Francisco,Shigella,206,135
2023,4,12,Region 9 - San Francisco,Shigella,193,111
2024,1,1,Region 9 - San Francisco,Shigella,273,127.5
2024,1,2,Region 9 - San Francisco,Shigella,272,102
2024,1,3,Region 9 - San Francisco,Shigella,246,126
2024,2,4,Region 9 - San Francisco,Shigella,203,114
2024,2,5,Region 9 - San Francisco,Shigella,235,138
2024,2,6,Region 9 - San Francisco,Shigella,183,111
2024,3,7,Region 9 - San Francisco,Shigella,194,100
2024,3,8,Region 9 - San Francisco,Shigella,195,122.5
2024,3,9,Region 9 - San Francisco,Shigella,182,125
2024,4,10,Region 9 - San Francisco,Shigella,145,149.5
2024,4,11,Region 9 - San Francisco,Shigella,78,165
2024,4,12,Region 9 - San Francisco,Shigella,37,134.5
2023,1,1,Region 9 - San Francisco,Vibrio,1,2
2023,1,2,Region 9 - San Francisco,Vibrio,1,0
2023,1,3,Region 9 - San Francisco,Vibrio,1,0
2023,2,4,Region 9 - San Francisco,Vibrio,0,0
2023,2,5,Region 9 - San Francisco,Vibrio,1,2
2023,2,6,Region 9 - San Francisco,Vibrio,5,1.5
2023,3,7,Region 9 - San Francisco,Vibrio,9,5.5
2023,3,8,Region 9 - San Francisco,Vibrio,7,12
2023,3,9,Region 9 - San Francisco,Vibrio,6,6
2023,4,10,Region 9 - San Francisco,Vibrio,1,5
2023,4,11,Region 9 - San Francisco,Vibrio,0,3
2023,4,12,Region 9 - San Francisco,Vibrio,0,2
2024,1,1,Region 9 - San Francisco,Vibrio,3,2
2024,1,2,Region 9 - San Francisco,Vibrio,5,1.5
2024,1,3,Region 9 - San Francisco,Vibrio,2,1
2024,2,4,Region 9 - San Francisco,Vibrio,0,0.5
2024,2,5,Region 9 - San Francisco,Vibrio,1,1.5
2024,2,6,Region 9 - San Francisco,Vibrio,3,3
2024,3,7,Region 9 - San Francisco,Vibrio,11,6
2024,3,8,Region 9 - San Francisco,Vibrio,11,8.5
2024,3,9,Region 9 - San Francisco,Vibrio,5,5.5
2024,4,10,Region 9 - San Francisco,Vibrio,4,4.5
2024,4,11,Region 9 - San Francisco,Vibrio,0,0
2024,4,12,Region 9 - San Francisco,Vibrio,0,0
